vg_image_id,topname_predicted,explanation
2405831,N/A,No image available for annotation.
2388322,,
2403564,<object name>,<short explanation>
2414955,bicycle,The picture shows a person riding a bicycle on a road.
2374543,,
2411672,,
2396992,airplane,"The picture shows a large airplane with wings and engines, parked on a runway or a tarmac."
2400389,None,No image description provided.
2395805,bike,I see a bicycle in the picture.
2409831,bicycle,A bicycle is clearly visible in the center of the picture.
2398895,bicycle,"I see a bicycle in the picture, specifically a bicycle's frame, wheels, and other components are visible."
2410206,,No image was provided for analysis.
2398522,<object name>,<short explanation>
2386937,chair,"The picture depicts a single chair, possibly in a room or office setting."
2409814,<object name>,<short explanation>
2413917,airplane,"A large airplane is visible in the picture, with its wings and tail clearly visible."
2396407,,
2396389,airplane,"I see an airplane in the picture, specifically a commercial airliner with wings and engines."
2409010,<object name>,<short explanation>
2410371,bike,I see a bicycle in the picture.
2402192,,
2412277,,
2414580,,
2394086,umbrella,"The picture shows an umbrella, which is a canopy used for protection from the rain or sun."
2406995,<object name>,<short explanation>
2404923,,
2393003,,
2395771,sink,"I see a sink in the picture, which is a plumbing fixture used for washing hands, face, and other objects."
2408769,<object name>,<short explanation>
2410937,airplane,"The object in the picture appears to be an airplane due to its recognizable shape and features, such as wings and a cockpit, which are commonly associated with airplanes."
2403828,,
2411640,airplane,The picture shows an airplane flying in the sky.
2390460,sink,The picture shows a sink with a faucet.
2409662,,
2407837,airplane,The picture shows a large airplane flying in the sky.
2414107,sink,"A sink is visible in the picture, likely in a kitchen or bathroom setting."
2391386,,
2394212,,
2403718,sink,"I see a sink in the picture, which is a plumbing fixture used for washing hands, dishes, and other objects."
2411744,bicycle,I see a bicycle in the picture.
2383991,bicycle,I see a bicycle in the picture.
2413692,<object name>,<short explanation>
2387441,boat,I see a boat in the picture.
2386945,truck,A large vehicle with a cargo bed and wheels is visible in the picture.
2409215,<object name>,<short explanation>
2410586,,
2384941,,
2401669,<object name>,<short explanation>
2414209,sink,The picture shows a bathroom sink with a faucet and a drain.
2403786,bicycle,I see a bicycle in the picture.
2408474,,
2388632,airplane,"I see an airplane in the picture, likely on a runway or in flight."
2412290,airplane,"I see a large airplane in the picture, likely on a runway or in flight."
2404175,,
2406392,sink,A sink is visible in the picture.
2410982,<object name>,<short explanation>
2413150,airplane,"The picture depicts an airplane in flight, with its wings and tail visible."
2409519,airplane,The picture shows a large airplane flying in the sky with a clear blue background.
2414105,bike,"The picture depicts a bicycle with two wheels and a frame, leaning against a wall or a stand."
2391726,,
2388550,pizza,"The picture depicts a round, flat food item with melted cheese and various toppings, which is a characteristic of a pizza."
2414071,sink,A sink is visible in the picture.
2391107,bicycle,I see a bicycle in the picture.
2404646,<object name>,<short explanation>
2404759,None,"I'm a large language model, I don't have the capability to visually analyze images, so I'm unable to identify any objects in the picture."
2402160,bus,"A large vehicle with wheels and windows, designed for transporting people."
2413531,bicycle,I see a bicycle in the picture.
2414505,airplane,"The picture depicts a large airplane flying in the sky, with a clear view of its wings and tail section."
2365834,motorcycle,The picture depicts a single motorcycle parked on a flat surface.
2413618,truck,"The picture shows a large vehicle with a cargo bed, which is characteristic of a truck."
2388048,<object name>,<short explanation>
2386035,airplane,"I see an airplane in the given picture, specifically a commercial airliner with a distinctive wing shape and tail section."
2397470,,
2397336,bicycle,I see a bicycle in the picture.
2404987,<object name>,<short explanation>
2408893,,
2413895,bike,I see a bicycle in the picture.
2405276,cake,A cake is visible in the picture.
2398442,bus,"A large, yellow vehicle with a long body and wheels, typical of public transportation."
2408655,,
2398903,pizza,"A circular, flat piece of food with various toppings."
2396831,,
2404512,sink,I see a sink in the picture.
2409291,airplane,"I see an airplane in the picture, likely on a runway or in flight."
2410554,airplane,"The picture depicts a large airplane flying in the sky, with its wings and tail clearly visible."
2403413,bicycle,The picture depicts a person riding a bicycle on a road or trail.
2401630,<object name>,<short explanation>
2381820,sink,"The picture shows a sink in a kitchen or bathroom setting, with visible faucet and drain."
2412959,bicycle,I see a bicycle in the picture.
2409090,,
2387646,airplane,"A large airplane is visible in the picture, with its wings and tail clearly identifiable."
2390862,bike,"I see a bike in the picture, likely a mountain bike, with a distinct frame and wheels."
2393768,sink,"The picture depicts a sink, likely in a kitchen or bathroom setting."
2383590,,
2383150,airplane,"I see a large airplane with a distinctive tail section and wings, parked on a runway or apron, with no people or other objects in the surrounding area."
2403739,bicycle,"A bicycle is prominently visible in the picture, taking center stage."
2397718,bicycle,"The picture depicts a bicycle parked against a wall or a fence, with its wheels and frame clearly visible."
2395984,airplane,The picture shows a large airplane flying in the sky with its wings spread wide.
2407659,sink,"The highlighted object in the picture is a sink, likely located in a kitchen or bathroom."
2387513,bicycle,I see a bicycle in the picture.
2372914,<object name>,<short explanation>
2392995,airplane,The picture shows a clear image of an airplane in flight.
2387596,bike,"I see a bike in the picture, specifically a bicycle with wheels and a frame."
2383531,airplane,"The picture depicts a commercial airliner in flight, with a clear view of its wings and tail section."
2375674,,
2414684,sink,The picture depicts a sink with a faucet and drain.
2410144,None,No image analysis possible.
2364408,bicycle,I see a bicycle in the picture.
2415264,airplane,"A large airplane is visible in the picture, likely on a runway or at an airport."
2408687,bike,The picture shows a person riding a bicycle on a road or path.
2405765,<object name>,<short explanation>
2412641,<object name>,<short explanation>
2382219,airplane,The picture depicts an airplane flying in the sky.
2377083,sink,"I see a sink in the picture, which is a plumbing fixture used for washing hands, dishes, and other objects."
2396832,bicycle,I see a bicycle in the picture.
2413512,airplane,"The picture shows a large airplane with wings and a tail section, parked on a runway or apron, with no people or other objects nearby."
2405452,bicycle,"I see a bicycle in the picture, specifically the frame and wheels of the bike are visible."
2389479,,
2409463,airplane,The picture shows a large airplane flying in the sky with a clear blue background.
2408104,airplane,"A large airplane is visible in the picture, likely on a runway or at an airport."
2410831,bicycle,I see a bicycle in the picture.
2386722,,
2396430,airplane,"I see a large airplane with wings and engines, appearing to be on a runway or in flight."
2408562,airplane,"The picture shows a large airplane with wings and engines, parked on the ground."
2393006,<object name>,<short explanation>
2408296,airplane,"I see an airplane in the picture, likely on a runway or in flight."
2408942,<object name>,<short explanation>
2391235,airplane,"The picture shows a large airplane flying in the sky, with its wings and tail clearly visible."
2398910,bicycle,A bicycle is clearly visible in the center of the image.
2395722,,
2388274,boat,"I see a boat in the picture, specifically a sailboat on the water."
2406045,boat,The picture shows a boat sailing on the water.
2409629,bicycle,The picture shows a bicycle parked against a wall or a fence.
2385896,,
2410459,airplane,The picture shows a large airplane on the ground with its doors open and stairs leading up to the entrance.
2389525,boat,I see a boat in the given picture.
2389102,pizza,"A round, flat food item with various toppings, typically served hot."
2407047,bus,"A large vehicle with wheels and windows, typical of public transportation."
2394798,airplane,"The picture depicts a large airplane with a white body and blue accents, with a distinctive tail fin and engines visible under the wings."
2401989,airplane,"The picture shows a commercial airliner in flight, with a clear view of its wings and tail section."
2378451,airplane,The picture depicts a large airplane flying in the sky.
2377243,,
2406381,airplane,"I see an airplane in the given picture, likely on the ground at an airport or airfield."
2412530,pizza,"A round, flat piece of bread topped with various ingredients, including cheese, sauce, and various toppings, typically served hot and sliced into wedges."
2407997,bicycle,I see a bicycle in the picture.
2411208,bicycle,I see a bicycle in the picture.
2409626,,
2409494,<object name>,<short explanation>
2391550,airplane,I see an airplane in the picture.
2403503,sink,The picture shows a bathroom sink with a faucet and a mirror above it.
2403310,airplane,"The picture depicts a large airplane flying in the sky, with its wings and tail clearly visible."
2402517,<object name>,<short explanation>
2409189,<object name>,<short explanation>
2388567,baseball player,"A person in a baseball uniform is shown in the picture, indicating the object is a baseball player."
2411554,sink,"The picture shows a sink with a faucet and a drain, typically found in a kitchen or bathroom."
2412385,airplane,"The picture shows an airplane in flight, with its wings and tail visible."
2391778,<object name>,<short explanation>
2395645,bike,I see a bicycle in the picture.
2404545,,
2399606,bicycle,"A bicycle is the central object in the picture, with its frame, wheels, and other components clearly visible."
2366247,airplane,"I see an airplane in the picture, likely on a runway or in flight."
2396616,airplane,"I see a large airplane with a distinctive tail fin and wings, appearing to be in flight or on a runway."
2400263,sink,A sink is visible in the picture.
2409425,bicycle,"I see a bicycle in the picture, specifically a bike with a rider on it."
2408334,airplane,I see an airplane in the picture.
2412531,airplane,"The picture shows a large airplane with wings and a tail, likely on a runway or in flight."
2404284,,
2402511,bicycle,The picture depicts a bicycle with a person riding it.
2384241,,
2365049,<object name>,<short explanation>
2377216,sink,A sink is visible in the picture.
2396341,,
2375947,sink,The picture shows a sink with a faucet.
2410442,motorcycle,"A motorcycle is prominently displayed in the picture, with its distinctive shape and features clearly visible."
2412704,toilet,I see a toilet in the picture.
2408225,<object name>,<short explanation>
2406307,,
2403229,sink,A sink is visible in the picture.
2405320,bicycle,The picture depicts a bicycle parked against a wall or a fence.
2411972,bike,A person is riding a bike in the picture.
2387697,<object name>,<short explanation>
2408406,airplane,"The picture shows a large airplane with wings and a tail section, indicating it is an airplane."
2396282,cake,"The image depicts a cake with multiple tiers, each adorned with frosting and decorations."
2403409,None,No image description provided.
2381231,,
2395981,,
2395583,boat,"The picture depicts a boat in the middle of a body of water, possibly a lake or a river, with no other objects or scenery visible in the surrounding area."
2410301,,
2389489,,
2390298,bicycle,The picture shows a person riding a bicycle on a road or path.
2405086,None,No image was provided for analysis.
2394779,airplane,The picture shows a large airplane flying in the sky with its wings spread wide.
2411485,bicycle,"A bicycle is visible in the picture, likely being ridden by a person."
2407411,truck,A large vehicle with a cargo bed is visible in the picture.
2376404,bicycle,A person is riding a bicycle in the picture.
2369230,,
2414772,<object name>,<short explanation>
2411116,<object name>,<short explanation>)
2406197,bike,I see a bicycle in the picture.
2387979,bicycle,"I see a bicycle in the picture, likely a road bike or a racing bike, with its distinctive shape and thin tires."
2401534,bicycle,The picture shows a person riding a bicycle on a road.
2364431,airplane,"The picture depicts an airplane in flight, with its wings and tail visible."
2386243,bicycle,A bicycle is clearly visible in the picture.
2386162,airplane,I see an airplane in the picture.
2403596,bicycle,A person riding a bicycle is visible in the picture.
2410404,<object name>,<short explanation>
2413961,<object name>,<short explanation>
2386879,sink,A sink is visible in the picture.
2393286,bicycle,"I see a bicycle in the picture, with its frame, wheels, and handlebars clearly visible."
2414000,airplane,"The picture depicts an airplane in flight, with its wings and tail visible, set against a clear blue sky with a few white clouds."
2408610,,
2400907,sink,The picture shows a sink with a faucet and some water splashing out of it.
2407500,,
2412168,bicycle,The picture depicts a person riding a bicycle on a road.
2388896,,
2401211,,
2413606,bicycle,The picture shows a person riding a bicycle on a road.
2407756,None,No image description provided.
2413180,,
2407255,bicycle,I see a bicycle in the picture.
2404645,bicycle,A bicycle is visible in the picture.
2409715,,
2399448,,
2413845,sink,"The highlighted object in the picture is a sink, likely found in a kitchen or bathroom."
2378220,,
2377913,,
2399745,airplane,"I see an airplane in the picture, specifically a commercial airliner with wings and a tail section."
2412726,bicycle,I see a bicycle in the picture.
2412564,,
2397581,cake,The picture is of a cake with multiple layers and frosting.
2377301,boat,"The picture shows a boat on the water, with a clear view of its hull and a few people on board."
2397680,bicycle,I see a bicycle parked on the side of a road or a trail.
2409515,airplane,"I see an airplane in the picture, specifically a commercial airliner with a distinctive wing and tail design."
2387776,toilet,The picture shows a white toilet in a bathroom setting.
2407564,Pizza,"A round, flat piece of food with various toppings, typically including cheese, sauce, and various meats or vegetables."
2403832,airplane,"A large airplane is visible in the picture, likely on a runway or in flight."
2406192,<object name>,<short explanation>
2376406,bicycle,The picture depicts a person riding a bicycle on a road.
2409536,sink,The picture shows a sink with a faucet and some water splashing in it.
2403198,,
2402376,sink,"I see a sink in the picture, specifically a bathroom sink with a faucet."
2414750,airplane,"The picture depicts a commercial airliner in flight, with a clear view of its wings and tail section."
2386481,airplane,"A large airplane is visible in the picture, likely on a runway or in flight."
2404410,cake,A multi-tiered cake with white frosting and decorations is centered in the image.
2410318,,
2410417,bus,"A large vehicle with a long body and multiple wheels, designed for transporting people."
2397835,,
2398303,toilet,The picture shows a white toilet bowl with a toilet seat and a toilet lid.
2404799,airplane,"The picture depicts a large airplane with a white body and blue stripes, with a distinctive tail fin and engines attached to the wings."
2393305,airplane,"I see an airplane in the picture, specifically a commercial airliner with wings and a tail section."
2410585,,
2408058,bike,I see a bicycle in the picture.
2397668,,
2394080,,
2409786,airplane,I see an airplane in the given picture.
2382648,,
2401335,bicycle,I see a bicycle in the picture.
2403337,sink,A sink is visible in the picture.
2382589,,
2410190,<object name>,<short explanation>
2381903,bike,A person riding a bike on a road
2391891,airplane,I see an airplane in the picture.
2391797,toilet,"The picture shows a toilet in a bathroom, with a toilet seat and lid, and a handle on the side."
2386069,bicycle,The picture depicts a person riding a bicycle on a road.
2413715,None,Unable to analyze the image.
2398608,bicycle,"I see a bicycle in the picture, specifically a road bike with a sleek frame and wheels."
2402373,airplane,"The picture shows a commercial airliner in flight, with its wings and tail clearly visible."
2412111,<object name>,<short explanation>
2391625,airplane,"A large airplane is visible in the picture, likely on a runway or in flight."
2373770,airplane,"I see an airplane in the picture, specifically a commercial airliner with wings and engines, taxiing on the ground."
2382916,,
2407473,airplane,"The picture depicts a large airplane with wings and a tail section, indicating that the highlighted object is indeed an airplane."
2405266,bicycle,A bicycle is prominently visible in the picture.
2399931,bicycle,The picture shows a bicycle parked on the side of a road or path.
2411522,,
2409590,bicycle,"I see a bicycle in the picture, specifically the frame and wheels of the bike are visible."
2378460,motorcycle,"I see a motorcycle in the picture, identified by its distinctive shape and features such as the seat, handlebars, and wheels."
2402039,,
2403932,airplane,"The picture depicts a commercial airliner in flight, with a clear view of its wings and tail section."
2413047,bicycle,"I see a bicycle in the picture, which is a vehicle with two wheels, a frame, and pedals."
2394305,airplane,"The picture depicts an airplane in flight, with its wings and tail visible."
2387340,bicycle,I see a bicycle in the picture.
2415290,,
2384967,bike,I see a bicycle in the picture.
2409922,,
2392368,<object name>,<short explanation>
2404069,,
2404946,sink,"A sink is visible in the picture, possibly in a kitchen or bathroom setting."
2390413,,
2374063,<object name>,<short explanation>
2382227,airplane,"I see an airplane in the picture, likely taking off or landing on a runway."
2411117,,
2381438,bicycle,I see a bicycle in the picture.
2411854,airplane,"I see an airplane in the picture, specifically a commercial airliner with a distinctive wing and tail design."
2414899,bicycle,"A bicycle is clearly visible in the picture, with its distinctive frame, wheels, and handlebars."
2385628,<object name>,<short explanation>
2404231,,
2410069,,
2375344,bicycle,"I see a bicycle in the picture, specifically the frame and wheels of the bike are highlighted."
2413007,<object name>,<short explanation>
2411200,motorcycle,A motorcycle is clearly visible in the picture.
2401050,bike,"I see a bicycle with two wheels and a frame, parked on a flat surface."
2409124,<object name>,<short explanation>
2407237,airplane,"I see an airplane in the picture, specifically a commercial airliner with a distinct wing and tail section."
2394725,,
2372253,airplane,"I see an airplane in the picture, likely on a runway or in flight."
2406201,bicycle,The picture depicts a bicycle parked against a wall or a fence.
2410984,pizza,"The picture contains a round, flat food item with melted cheese and various toppings, which is a common representation of a pizza."
2396954,,
2396189,pizza,"A round, flat food item with melted cheese and various toppings, typically served hot."
2405722,,
2383534,Unknown,I'm a text-based model and do not have the capability to visually access or analyze images. Please provide a description of the image or more context for me to provide a more accurate response.
2411661,boat,I see a boat in the given picture.
2378168,airplane,"The picture shows a large airplane with a distinctive tail section and wings, indicating that it is an airplane."
2415206,pizza,"A round, flat piece of bread topped with various ingredients, typically including cheese, sauce, and various meats or vegetables."
2389629,toilet,"A white toilet is centered in the image, with a toilet seat and lid."
2410891,<object name>,<short explanation>
2412981,sink,"The picture shows a sink, likely in a kitchen or bathroom setting."
2405721,,
2404241,,
2402484,sink,A sink is visible in the picture.
2398118,cake,"The picture is of a cake, likely a birthday cake, with multiple layers and decorations."
2385952,bicycle,I see a bicycle in the picture.
2404917,bicycle,The picture depicts a bicycle parked against a wall or a fence.
2414327,,
2391216,airplane,"A large airplane is visible in the picture, likely on a runway or in flight."
2377340,None,Unable to analyze the image due to lack of access.
2364789,bicycle,"A bicycle is visible in the picture, with its distinctive frame, wheels, and handlebars."
2407448,bus,"The picture shows a typical city bus with a rectangular body and wheels, indicating it is a vehicle designed for public transportation."
2406803,bicycle,"I see a bicycle in the picture, with its distinctive frame, wheels, and handlebars."
2378725,bike,I see a bicycle in the picture.
2407804,bicycle,"The picture depicts a bicycle parked against a wall or a stand, with its wheels and frame clearly visible."
2412845,<object name>,<short explanation>
2409679,<object name>,<short explanation>
2400678,pizza,"A circular dish with a crust, sauce, cheese, and various toppings, typically served hot."
2392353,<object name>,<short explanation>
2414283,boat,I see a boat in the given picture.
2395316,,
2388670,sink,"A sink is visible in the picture, likely in a kitchen or bathroom setting."
2413354,,
2394564,bike,"The picture depicts a person riding a bicycle on a road or path, with the bike being the central object of focus."
2395956,sink,"I see a sink in the picture, specifically a bathroom sink with a faucet."
2384926,airplane,"The picture shows a large airplane with wings and a tail, parked on the ground with stairs leading up to the entrance."
2375127,,
2413650,bicycle,A bicycle is prominently visible in the picture.
2408299,dog,"The image contains a dog because it shows an animal with characteristics typical of a dog, such as fur and a tail."
2387922,sink,A sink is visible in the picture.
2410823,<object name>,<short explanation>
2395368,baseball player,"The picture shows a person wearing a baseball uniform and holding a baseball bat, indicating that the object is a baseball player."
2407316,airplane,"The picture shows a large airplane with a distinctive tail fin and wings, parked on a runway or apron."
2411933,,
2401294,,
2405174,,
2388066,,
2413564,airplane,The picture shows a large airplane flying in the sky.
2388202,,
2398400,bike,I see a bicycle with a person riding it.
2402303,<object name>,<short explanation>
2403429,<object name>,<short explanation>
2413565,airplane,The picture shows a large airplane flying in the sky with a clear blue background.
2404720,bicycle,"I see a bicycle in the picture, which is a vehicle with two wheels, a frame, and pedals."
2378563,,
2409063,airplane,"The picture depicts a commercial airliner in flight, with a clear view of its wings and tail section."
2413908,airplane,"The picture shows a commercial airliner in flight, with its wings and tail section clearly visible."
2410753,airplane,"A large airplane is visible in the picture, with its wings and tail section clearly visible."
2405144,,
2409897,,
2409879,dog,"The picture depicts a dog, likely a pet, sitting or standing in a domestic setting."
2365266,motorcycle,A motorcycle is prominently visible in the picture.
2390628,airplane,"The picture depicts a commercial airliner in flight, with its wings and tail section clearly visible."
2401642,,
2402800,,
2381359,<object name>,<short explanation>
2408789,airplane,I see an airplane in the given picture.
2395382,,
2392076,airplane,"A large airplane is visible in the picture, likely on a runway or in flight."
2392572,,
2401283,,
2392775,airplane,"A large airplane is visible in the picture, likely on a runway or taxiway."
2396805,bike,A bicycle is prominently displayed in the center of the image.
2415193,,
2395355,bicycle,A bicycle is clearly visible in the center of the image.
2415294,<object name>,<short explanation>
2388980,<object name>,<short explanation>
2399307,airplane,I see an airplane in the picture.
2365501,airplane,"The picture depicts a large airplane with a white body and a distinctive tail fin, parked on a runway or apron, with a clear blue sky in the background."
2387268,Unknown,No image information provided.
2376140,,
2411636,airplane,I see an airplane in the picture.
2413706,bicycle,A bicycle is clearly visible in the center of the image.
2410183,umbrella,"The object highlighted in the picture is an umbrella, which is a canopy used for protection against rain or sun."
2409363,airplane,"The picture shows a large airplane with wings and engines, indicating it is an airplane."
2406573,,
2411368,airplane,"The picture shows an airplane in flight, with its wings and tail visible, soaring through the sky."
2402277,airplane,"The picture depicts an airplane in flight, with its wings and tail visible."
2385529,bicycle,I see a bicycle in the picture.
2395716,motorcycle,I see a motorcycle in the picture.
2384649,airplane,The picture depicts a large airplane flying in the sky with its wings and tail visible.
2408881,bike,"A bicycle is clearly visible in the picture, with its frame, wheels, and handlebars prominently displayed."
2372671,Not Available,"As a text-based AI model, I don't have the capability to visually access or analyze images. Please provide a description of the image for me to assist you further."
2387144,<object name>,<short explanation>
2403336,,
2383687,,
2413764,airplane,"The object highlighted in the picture appears to be an airplane, likely due to its distinctive shape and features commonly associated with aircraft."
2394049,motorcycle,I see a motorcycle in the picture.
2389499,umbrella,"The picture shows a colorful umbrella with a curved handle and a rounded canopy, likely used for protection from the rain."
2408964,,
2393960,airplane,"A large airplane is visible in the picture, likely on a runway or at an airport."
2413864,,
2374740,,
2411743,,
2407532,cake,"I see a cake with multiple tiers and decorations, likely a wedding cake."
2404431,,
2413810,bicycle,The picture depicts a person riding a bicycle.
2376322,,
2391525,,
2407607,airplane,"A large airplane is visible in the picture, likely on a runway or in flight."
2403106,airplane,I see an airplane in the picture.
2407638,sink,I see a sink in the picture.
2405612,None,No image information provided.
2407150,motorcycle,I see a motorcycle in the picture.
2372506,[Insert object name here],[Insert short explanation here]
2413508,,
2412148,chair,I see a single chair in the center of the picture.
2376394,,
2406927,,
2413016,airplane,I see an airplane in the picture.
2385966,bicycle,A bicycle is the central object in the picture.
2391882,airplane,"The picture depicts an airplane in flight, with its wings and tail visible, soaring through the sky."
2407377,,
2407428,sink,A sink is visible in the picture.
2374914,bicycle,A bicycle is visible in the picture.
2382353,bicycle,I see a bicycle in the picture.
2382565,bicycle,"I see a bicycle in the picture, which is a vehicle with two wheels, a frame, and pedals."
2389769,airplane,"I see an airplane in the picture, specifically a commercial airliner with wings and engines visible."
2401650,airplane,"The picture depicts an airplane in flight, with its wings and tail visible."
2376999,bicycle,A bicycle is visible in the picture.
2411448,sink,"The picture shows a sink, likely in a kitchen or bathroom, with a faucet and possibly some water or soap visible."
2410030,,
2364806,bicycle,"A bicycle is visible in the picture, recognizable by its frame, wheels, and handlebars."
2389064,<object name>,<short explanation>
2394785,dog,A dog is visible in the picture.
2388867,,No image description provided.
2398142,,
2394674,airplane,"A large airplane is visible in the picture, with its wings and tail section clearly visible."
2414342,airplane,"I see an airplane in the picture, likely flying in the sky or parked on a runway."
2397733,,
2399145,sink,"I see a sink in the picture, which is a plumbing fixture used for washing hands, dishes, and other objects."
2403393,airplane,I see an airplane in the picture.
2406135,,
2386944,airplane,"The picture depicts a commercial airliner in flight, with its wings and tail visible."
2386308,dog,I see a dog in the picture.
2406423,,
2399811,airplane,"The picture shows a commercial airliner in flight, with a clear view of its wings and tail section."
2392892,,
2399414,airplane,I see an airplane in the picture.
2410821,cake,A cake with candles on top of a table.
2400019,,
2400210,,
2390293,cake,A multi-tiered cake with white frosting and decorations.
2413552,airplane,"A large airplane is visible in the picture, with its wings and tail section clearly identifiable."
2388905,None,No image or description provided.
2401908,Pizza,"A round, flat, cheesy, and savory food item, typically made from a mixture of ingredients including dough, sauce, cheese, and various toppings, is visible in the picture."
2404227,<object name>,<short explanation>
2393100,airplane,"I see an airplane in the picture, specifically a commercial airliner with wings and a tail section, indicating it is ready for takeoff or landing."
2406713,bicycle,"I see a bicycle in the picture, with its distinctive frame, wheels, and handlebars."
2402592,,
2409313,,
2403430,bicycle,The picture depicts a person riding a bicycle.
2413513,pizza,"A round, flat piece of food with various toppings, typically including cheese, sauce, and various meats or vegetables, is visible in the picture."
2404313,,
2397212,<object name>,<short explanation>
2413409,sink,"I see a sink in the picture, likely in a kitchen or bathroom setting."
2390441,pizza,"A round, flat piece of bread topped with various ingredients, typically including cheese, sauce, and various meats or vegetables."
2382806,toilet,A white toilet is visible in the center of the image.
2397500,Not available,Unable to analyze the image.
2407918,sink,A sink is visible in the picture.
2407350,airplane,"The picture depicts a large airplane with a distinctive tail fin and wings, likely in flight or on a runway."
2388356,,
2376586,airplane,"The picture shows a large airplane with wings and a tail section, likely on a runway or in flight."
2398271,bicycle,A bicycle is prominently visible in the center of the image.
2415262,unknown,No description provided
2399336,airplane,The picture shows a large airplane flying in the sky with a clear blue background.
2403595,<object name>,<short explanation>)
2375547,,
2412581,bicycle,A bicycle is clearly visible in the picture.
2398130,airplane,"A large airplane is visible in the picture, likely on a runway or in flight."
2381118,<object name>,<short explanation>
2393900,motorcycle,"I see a motorcycle in the picture, it's the main object that is being highlighted."
2409898,bike,A bicycle is clearly visible in the picture.
2366157,boat,"I see a boat in the picture, likely a sailboat, on the water."
2396391,sink,I see a sink in the picture.
2366249,bicycle,The picture shows a person riding a bicycle on a road or path.
2409264,,
2412976,,
2405438,,
2392941,airplane,"A large airplane is visible in the picture, likely on a runway or in flight."
2397389,<object name>,<short explanation>
2364972,,
2398340,None,No image was provided for analysis.
